time,x,y,phi,vx,vy,phi_dot,u1,u2
0.000000000000000000e+00,1.500000000000000000e+01,2.800000000000000000e+01,-0.000000000000000000e+00,0.000000000000000000e+00,0.000000000000000000e+00,-0.000000000000000000e+00,0.000000000000000000e+00,0.000000000000000000e+00
5.000000000000000000e+01,1.500000000000000000e+01,2.800000000000000000e+01,-0.000000000000000000e+00,0.000000000000000000e+00,0.000000000000000000e+00,-0.000000000000000000e+00,0.000000000000000000e+00,0.000000000000000000e+00
1.000000000000000000e+02,1.500000000000000000e+01,2.800000000000000000e+01,-0.000000000000000000e+00,0.000000000000000000e+00,0.000000000000000000e+00,-0.000000000000000000e+00,0.000000000000000000e+00,0.000000000000000000e+00
1.500000000000000000e+02,1.500000000000000000e+01,2.800000000000000000e+01,-0.000000000000000000e+00,0.000000000000000000e+00,0.000000000000000000e+00,-0.000000000000000000e+00,0.000000000000000000e+00,0.000000000000000000e+00
2.000000000000000000e+02,1.500000000000000000e+01,2.800000000000000000e+01,-0.000000000000000000e+00,0.000000000000000000e+00,0.000000000000000000e+00,-0.000000000000000000e+00,0.000000000000000000e+00,0.000000000000000000e+00
2.500000000000000000e+02,1.500000000000000000e+01,2.800000000000000000e+01,-0.000000000000000000e+00,0.000000000000000000e+00,0.000000000000000000e+00,-0.000000000000000000e+00,0.000000000000000000e+00,0.000000000000000000e+00
3.000000000000000000e+02,1.500000000000000000e+01,2.800000000000000000e+01,-0.000000000000000000e+00,0.000000000000000000e+00,0.000000000000000000e+00,-0.000000000000000000e+00,0.000000000000000000e+00,0.000000000000000000e+00
3.500000000000000000e+02,1.500000000000000000e+01,2.800000000000000000e+01,-0.000000000000000000e+00,0.000000000000000000e+00,0.000000000000000000e+00,-0.000000000000000000e+00,0.000000000000000000e+00,0.000000000000000000e+00
4.000000000000000000e+02,1.500000000000000000e+01,2.800000000000000000e+01,-0.000000000000000000e+00,0.000000000000000000e+00,0.000000000000000000e+00,-0.000000000000000000e+00,0.000000000000000000e+00,0.000000000000000000e+00
4.500000000000000000e+02,1.500000000000000000e+01,2.800000000000000000e+01,-0.000000000000000000e+00,0.000000000000000000e+00,0.000000000000000000e+00,-0.000000000000000000e+00,0.000000000000000000e+00,0.000000000000000000e+00
5.010000000000000000e+02,1.500000000000000000e+01,2.800000000000000000e+01,-0.000000000000000000e+00,0.000000000000000000e+00,0.000000000000000000e+00,-0.000000000000000000e+00,0.000000000000000000e+00,0.000000000000000000e+00
5.510000000000000000e+02,1.500000000000000000e+01,2.800000000000000000e+01,-0.000000000000000000e+00,0.000000000000000000e+00,0.000000000000000000e+00,-0.000000000000000000e+00,0.000000000000000000e+00,0.000000000000000000e+00
6.010000000000000000e+02,1.500000000000000000e+01,2.800000000000000000e+01,-0.000000000000000000e+00,0.000000000000000000e+00,0.000000000000000000e+00,-0.000000000000000000e+00,0.000000000000000000e+00,0.000000000000000000e+00
6.510000000000000000e+02,1.500000000000000000e+01,2.800000000000000000e+01,-0.000000000000000000e+00,0.000000000000000000e+00,0.000000000000000000e+00,-0.000000000000000000e+00,0.000000000000000000e+00,0.000000000000000000e+00
7.010000000000000000e+02,1.500000000000000000e+01,2.800000000000000000e+01,-0.000000000000000000e+00,0.000000000000000000e+00,0.000000000000000000e+00,-0.000000000000000000e+00,0.000000000000000000e+00,0.000000000000000000e+00
7.510000000000000000e+02,1.500000000000000000e+01,2.800000000000000000e+01,-0.000000000000000000e+00,0.000000000000000000e+00,0.000000000000000000e+00,-0.000000000000000000e+00,0.000000000000000000e+00,0.000000000000000000e+00
8.010000000000000000e+02,1.500000000000000000e+01,2.800000000000000000e+01,-0.000000000000000000e+00,0.000000000000000000e+00,0.000000000000000000e+00,-0.000000000000000000e+00,0.000000000000000000e+00,0.000000000000000000e+00
8.510000000000000000e+02,1.500000000000000000e+01,2.800000000000000000e+01,-0.000000000000000000e+00,0.000000000000000000e+00,0.000000000000000000e+00,-0.000000000000000000e+00,0.000000000000000000e+00,0.000000000000000000e+00
9.010000000000000000e+02,1.500000000000000000e+01,2.800000000000000000e+01,-0.000000000000000000e+00,0.000000000000000000e+00,0.000000000000000000e+00,-0.000000000000000000e+00,0.000000000000000000e+00,0.000000000000000000e+00
9.510000000000000000e+02,1.500000000000000000e+01,2.800000000000000000e+01,-0.000000000000000000e+00,0.000000000000000000e+00,0.000000000000000000e+00,-0.000000000000000000e+00,0.000000000000000000e+00,0.000000000000000000e+00
1.001000000000000000e+03,1.500000000000000000e+01,2.800000000000000000e+01,-0.000000000000000000e+00,0.000000000000000000e+00,0.000000000000000000e+00,-0.000000000000000000e+00,-7.503422334442366726e-01,-5.225819304389212050e-01
1.051000000000000000e+03,1.500000000000000000e+01,2.799803540627654286e+01,-2.016217226169044266e-02,0.000000000000000000e+00,-3.929187446909183229e-02,-4.032434452338088393e-01,-7.684374999999999956e-01,-5.205161273150045176e-01
1.101000000000000000e+03,1.499950602677958500e+01,2.799412380797541289e+01,-3.108536820019099436e-02,-9.879464408228316730e-03,-7.823196602268656097e-02,-2.184639187700110341e-01,-7.295991973896915894e-01,-5.160316856131578200e-01
1.151000000000000000e+03,1.499825046203826417e+01,2.798829179892287655e+01,-4.580997483385317731e-02,-2.511129482632190948e-02,-1.166401810507052966e-01,-2.944921326732436451e-01,-7.100779063868181140e-01,-5.240245229241781155e-01
1.201000000000000000e+03,1.499587255291351795e+01,2.798035775191397789e+01,-5.794457174801161820e-02,-4.755818249490997851e-02,-1.586809401779322726e-01,-2.426919382831687899e-01,-6.799552869217651008e-01,-5.387994556861015472e-01
1.251000000000000000e+03,1.499207500178094676e+01,2.797000806611822199e+01,-7.068991118845091570e-02,-7.595102265143567621e-02,-2.069937159151423733e-01,-2.549067888087860889e-01,-6.581748930502101524e-01,-5.437718525143193649e-01
1.301000000000000000e+03,1.498654554782425663e+01,2.795710189505572529e+01,-8.284865532316040837e-02,-1.105890791337766355e-01,-2.581234212499421421e-01,-2.431748826941897423e-01,-6.342255246343246888e-01,-5.483667790660575747e-01
1.351000000000000000e+03,1.497898630181214941e+01,2.794150051554019853e+01,-9.505637772629578486e-02,-1.511849202421252369e-01,-3.120275903105482751e-01,-2.441544480627074465e-01,-6.099833257547742082e-01,-5.489218395593755684e-01
1.401000000000000000e+03,1.496909817454574920e+01,2.792313477804872690e+01,-1.068949466529064141e-01,-1.977625453280101586e-01,-3.673147498293903301e-01,-2.367713785322126119e-01,-5.833814181964059875e-01,-5.473649025371568611e-01
1.451000000000000000e+03,1.495659112108635469e+01,2.790197066493683309e+01,-1.184197368149795260e-01,-2.501410691879343284e-01,-4.232822622378773492e-01,-2.304958032414620717e-01,-5.527725647848059642e-01,-5.418874932745072481e-01
1.501000000000000000e+03,1.494118278407498934e+01,2.787804275984676394e+01,-1.291283335704530577e-01,-3.081667402272742495e-01,-4.785581018014160026e-01,-2.141719351094704960e-01,-5.175751716880226949e-01,-5.363743138435673741e-01
1.551000000000000000e+03,1.492261080289114972e+01,2.785138560797686935e+01,-1.387831678900539323e-01,-3.714396236767963377e-01,-5.331430373978933712e-01,-1.930966863920172416e-01,-4.803577628429990809e-01,-5.308638960601834711e-01
1.601000000000000000e+03,1.490063863409400113e+01,2.782203357141737854e+01,-1.472212092669230865e-01,-4.394433759429227648e-01,-5.870407311898181435e-01,-1.687608275373828903e-01,-4.454162053121337728e-01,-5.253734024237519673e-01
1.651000000000000000e+03,1.487505954566981359e+01,2.779002076554525758e+01,-1.547256804319563084e-01,-5.115817684837150603e-01,-6.402561174423747614e-01,-1.500894233006643819e-01,-4.158494818570986906e-01,-5.199345051367730841e-01
1.701000000000000000e+03,1.484568967807504691e+01,2.775538094118935817e+01,-1.616688127367044980e-01,-5.873973518953736761e-01,-6.927964871180312123e-01,-1.388626460949640429e-01,-3.884807462223182628e-01,-5.164513871124367661e-01
1.751000000000000000e+03,1.481235892456822967e+01,2.771811337832525979e+01,-1.680162520846548990e-01,-6.666150701363589004e-01,-7.453512572819429582e-01,-1.269487869590081863e-01,-3.627953538776364506e-01,-5.110120643851107092e-01
1.801000000000000000e+03,1.477491177288533919e+01,2.767825166422719008e+01,-1.739697379351426987e-01,-7.489430336578398739e-01,-7.972342819614014475e-01,-1.190697170097560209e-01,-3.376895478738444201e-01,-5.055950150908284924e-01
1.851000000000000000e+03,1.473320236262303951e+01,2.763582913449828737e+01,-1.794446377143726346e-01,-8.341882052460597441e-01,-8.484505945780430602e-01,-1.094979955845987452e-01,-3.125757209812285442e-01,-5.001777877476746292e-01
1.901000000000000000e+03,1.468709655873673370e+01,2.759087895873303609e+01,-1.844842530983988038e-01,-9.221160777261022679e-01,-8.990035153050485173e-01,-1.007923076805233437e-01,-2.877424528292515382e-01,-4.947717040631721686e-01
1.951000000000000000e+03,1.463647089064951246e+01,2.754343409878448767e+01,-1.890754045849358245e-01,-1.012513361744317608e+00,-9.488971989709374943e-01,-9.182302973074023267e-02,-2.630878946392721796e-01,-4.893730335780643870e-01
2.001000000000000000e+03,1.458121287514996567e+01,2.749352732382726572e+01,-1.932305059786068868e-01,-1.105160309990936174e+00,-9.981354991444287839e-01,-8.310202787342109432e-02,-2.386835125844256889e-01,-4.820731038616278830e-01
2.051000000000000000e+03,1.452122071225394251e+01,2.744122533632670624e+01,-1.969510240848360572e-01,-1.199843257920453432e+00,-1.046039750011187985e+00,-7.441036212458317090e-02,-2.145231222983110253e-01,-4.710348483703159506e-01
2.101000000000000000e+03,1.445640324926784359e+01,2.738666214841821400e+01,-2.002437327951491486e-01,-1.296349259722023195e+00,-1.091263758169849440e+00,-6.585417420626188401e-02,-1.906345611413455265e-01,-4.525483031414034296e-01
2.151000000000000000e+03,1.438667981482826264e+01,2.733010648842788015e+01,-2.031134680854085606e-01,-1.394468688791646205e+00,-1.131113199806690339e+00,-5.739470580518819809e-02,-1.670299424134569777e-01,-4.191994311388961836e-01
2.201000000000000000e+03,1.431198010042059110e+01,2.727209648802829989e+01,-2.055663415704194752e-01,-1.493994288153496219e+00,-1.160200007991619930e+00,-4.905746970021809816e-02,-1.437277299481159454e-01,-4.037893729550998123e-01
2.251000000000000000e+03,1.423224401064443612e+01,2.721285853246923025e+01,-2.076082976568331406e-01,-1.594721795523001973e+00,-1.184759111181368674e+00,-4.083912172827311449e-02,-1.207432783293014150e-01,-4.001420404469823722e-01
2.301000000000000000e+03,1.414742151757569388e+01,2.715241247330281738e+01,-2.092457535623605813e-01,-1.696449861374850210e+00,-1.208921183328242277e+00,-3.274911811054884159e-02,-9.809282527712966104e-02,-3.965105096623727787e-01
2.351000000000000000e+03,1.405747250354467326e+01,2.709077800341847109e+01,-2.104853013645627824e-01,-1.798980280620406935e+00,-1.232689397686967725e+00,-2.479095604404420172e-02,-7.579144076178478961e-02,-3.928954215762889834e-01
2.401000000000000000e+03,1.396236659963022220e+01,2.702797465542649036e+01,-2.113338258090446120e-01,-1.902118078289042558e+00,-1.256066959839607033e+00,-1.697048888963648833e-02,-5.385401566466802709e-02,-3.892974105180664890e-01
2.451000000000000000e+03,1.386208301698344769e+01,2.696402180007477511e+01,-2.117984399608249801e-01,-2.005671652935474558e+00,-1.279057107034248686e+00,-9.292283035607435543e-03,-3.229486486546674640e-02,-3.857170889531538749e-01
2.501000000000000000e+03,1.375661037255763119e+01,2.689893864475563845e+01,-2.118865016499134335e-01,-2.109452888516278879e+00,-1.301663106382773272e+00,-1.761233781769108719e-03,-1.112788722859353943e-02,-3.821550537289560290e-01
2.551000000000000000e+03,1.364594650884139071e+01,2.683274423207877390e+01,-2.116055936888389943e-01,-2.213277274324736421e+00,-1.323888253537247151e+00,5.618159221488889035e-03,9.633521342627977130e-03,-3.786118827985961999e-01
2.601000000000000000e+03,1.353009830807977920e+01,2.676545743852244641e+01,-2.109635199656112736e-01,-2.316964015232267471e+00,-1.345735871126598093e+00,1.284147446455433453e-02,2.997644399551204625e-02,-3.750881362146101794e-01
2.651000000000000000e+03,1.340908150107900809e+01,2.669709697315865427e+01,-2.099682942379555162e-01,-2.420336140015416859e+00,-1.367209307275823127e+00,1.990451455311499987e-02,4.988846740958553100e-02,-3.715843552538425909e-01
2.701000000000000000e+03,1.328292047086940642e+01,2.662768137645531397e+01,-2.086281319606730911e-01,-2.523220604192015326e+00,-1.388311934066800424e+00,2.680324554564844641e-02,6.935768378695411629e-02,-3.681010624059410929e-01
2.751000000000000000e+03,1.315164805142676840e+01,2.655722901915501666e+01,-2.069514405644927724e-01,-2.625448388852744674e+00,-1.409047146005935724e+00,3.353382792360633247e-02,8.837270190049224816e-02,-3.646387610092819420e-01
2.801000000000000000e+03,1.301530532169029897e+01,2.648575810123141139e+01,-2.049468102427376981e-01,-2.726854594729346548e+00,-1.429418358472092754e+00,4.009260643510162425e-02,1.069226531573611583e-01,-3.611979350756261420e-01
2.851000000000000000e+03,1.287394139510288227e+01,2.641328665092345673e+01,-2.026230043475515108e-01,-2.827278531748288248e+00,-1.449429006159102640e+00,4.647611790372351698e-02,1.249971989290507152e-01,-3.577790490625309960e-01
2.901000000000000000e+03,1.272761320490894832e+01,2.633983252384800977e+01,-1.999889498124585996e-01,-2.926563803878587944e+00,-1.469082541508948569e+00,5.268109070185829357e-02,1.425865363673878006e-01,-3.543825477006998237e-01
2.951000000000000000e+03,1.257638528544461565e+01,2.626541340219102239e+01,-1.970537274326479293e-01,-3.024558389286692517e+00,-1.488382433139802119e+00,5.870444759621368247e-02,1.596814039469060809e-01,-3.510088558284547022e-01
3.001000000000000000e+03,1.242032954965817737e+01,2.619004679397754742e+01,-1.938265620948425583e-01,-3.121114715728690481e+00,-1.507332164269475694e+00,6.454330675610769896e-02,1.762730861851656283e-01,-3.476583782544780399e-01
3.051000000000000000e+03,1.225952506310041912e+01,2.611375003242072523e+01,-1.903168129325827351e-01,-3.216089731155163278e+00,-1.525935231136434700e+00,7.019498324519649057e-02,1.923534177897125719e-01,-3.443314996392450866e-01
3.101000000000000000e+03,1.209405781462581331e+01,2.603654027534973636e+01,-1.865339634342834951e-01,-3.309344969492129085e+00,-1.544195141419793638e+00,7.565698996598486936e-02,2.079147871264690750e-01,-3.410285843992120758e-01
3.151000000000000000e+03,1.192402048404706960e+01,2.595843450471673464e+01,-1.824876115083613748e-01,-3.400746611574928302e+00,-1.562115412660003866e+00,8.092703851844229579e-02,2.229501390627351420e-01,-3.377499766317263452e-01
3.201000000000000000e+03,1.174951220698636689e+01,2.587944952618264693e+01,-1.781874595198479627e-01,-3.490165541214025335e+00,-1.579699570681796228e+00,8.600303977026804714e-02,2.374529771683448753e-01,-3.344960000613104723e-01
3.251000000000000000e+03,1.157063833716743062e+01,2.579960196878159806e+01,-1.736433043082433458e-01,-3.577477396378751173e+00,-1.596951148020967048e+00,9.088310423209251809e-02,2.514173652903493039e-01,-3.312669580067474362e-01
3.301000000000000000e+03,1.138751020639293898e+01,2.571890828466376888e+01,-1.688650271982658491e-01,-3.662562615489790563e+00,-1.613873682356557371e+00,9.556554219954975504e-02,2.648379285032652630e-01,-3.280631333689135731e-01
3.351000000000000000e+03,1.120024488245208971e+01,2.563738474891627206e+01,-1.638625840141203771e-01,-3.745306478816940565e+00,-1.630470714949956212e+00,1.000488636829096195e-01,2.777098534436560628e-01,-3.248847886390485717e-01
3.402000000000000000e+03,1.100896492520289627e+01,2.555504745946165102e+01,-1.586459951081668762e-01,-3.825599144983859556e+00,-1.646745789092427970e+00,1.043317781190701565e-01,2.900288880356083343e-01,-3.217321659272369128e-01
3.452000000000000000e+03,1.081379814107355486e+01,2.547191233703352253e+01,-1.532253354145414193e-01,-3.903335682586861477e+00,-1.662702448562547675e+00,1.084131938725092503e-01,3.017913406154193456e-01,-3.186054870108184778e-01
3.502000000000000000e+03,1.061487733622654872e+01,2.538799512522877322e+01,-1.476107245382015098e-01,-3.978416096939986435e+00,-1.678344236094984510e+00,1.122922175267984379e-01,3.129940784637642581e-01,-3.155049534024395586e-01
3.552000000000000000e+03,1.041234006862836026e+01,2.530331139063567036e+01,-1.418123168896637531e-01,-4.050745351963705332e+00,-1.693674691862061321e+00,1.159681529707552033e-01,3.236345257543724596e-01,-3.124307464374384002e-01
3.602000000000000000e+03,1.020632839926637558e+01,2.521787652303719796e+01,-1.358402918755407807e-01,-4.120233387239640166e+00,-1.708697351969475919e+00,1.194405002824594914e-01,3.337106609286004666e-01,-3.093830273802451458e-01
3.652000000000000000e+03,9.996988642753443344e+00,2.513170573568881849e+01,-1.297048441547923592e-01,-4.186795130258655462e+00,-1.723415746967541518e+00,1.227089544149685546e-01,3.432210135058153533e-01,-3.063619375494545660e-01
3.702000000000000000e+03,9.784471117558723563e+00,2.504481406566985413e+01,-1.234161739704160293e-01,-4.250350503894503973e+00,-1.737833400379279247e+00,1.257734036875266248e-01,3.521646603399294917e-01,-3.033675984612242971e-01
3.752000000000000000e+03,9.568929896101721511e+00,2.495721637430752082e+01,-1.169844775661010583e-01,-4.310824429140008185e+00,-1.751953827246647943e+00,1.286339280862993650e-01,3.605412213328762494e-01,-3.004001119906268835e-01
3.803000000000000000e+03,9.350522554944355136e+00,2.486892734767271307e+01,-1.104199376971623375e-01,-4.368146823147397662e+00,-1.765780532696176186e+00,1.312907973787744431e-01,3.683508546162304054e-01,-2.974595605505797602e-01
3.853000000000000000e+03,9.129409925313396457e+00,2.477996149714645213e+01,-1.037327142448564166e-01,-4.422252592619006606e+00,-1.779317010525220066e+00,1.337444690461184749e-01,3.755942512125927668e-01,-2.945460072879557689e-01
3.903000000000000000e+03,8.905755844183445902e+00,2.469033316005594969e+01,-9.693293494296058299e-02,-4.473081622598986229e+00,-1.792566741810034170e+00,1.359955860379165882e-01,3.822726291887318384e-01,-2.916594962964692561e-01
3.953000000000000000e+03,8.679726906147394061e+00,2.460005650037911096e+01,-9.003068622526867737e-02,-4.520578760721036815e+00,-1.805533193536808856e+00,1.380449743538380569e-01,3.883877273128660268e-01,-2.888000528459196414e-01
4.003000000000000000e+03,8.451492216298817084e+00,2.450914550951627291e+01,-8.303600420242340796e-02,-4.564693796971418749e+00,-1.818219817256787829e+00,1.398936404569054992e-01,3.939417982288082598e-01,-2.859676836273597478e-01
4.053000000000000000e+03,8.221223144347284517e+00,2.441761400712794483e+01,-7.595886577626607961e-02,-4.605381439030606039e+00,-1.830630047766546031e+00,1.415427685231464561e-01,3.989376011600447303e-01,-2.831623770137509655e-01
4.103000000000000000e+03,7.989093080184240137e+00,2.432547564203721890e+01,-6.880917989963974968e-02,-4.642601283260976430e+00,-1.842767301814461689e+00,1.429937175325267373e-01,4.033783941571381648e-01,-2.803841033356496704e-01
4.153000000000000000e+03,7.755277191113648882e+00,2.423274389319550082e+01,-6.159677898933176021e-02,-4.676317781411800212e+00,-1.854634976834385718e+00,1.442480182061597893e-01,4.072679259021505516e-01,-2.776328151714663739e-01
4.203000000000000000e+03,7.519952180957822918e+00,2.413943207071012864e+01,-5.433141049958740976e-02,-4.706500203116572578e+00,-1.866236449707466827e+00,1.453073697948869536e-01,4.106104270840590931e-01,-2.749084476518243170e-01
4.253000000000000000e+03,7.283296051244754210e+00,2.404555331693247666e+01,-4.702272866336695140e-02,-4.733122594261370608e+00,-1.877575075553051587e+00,1.461736367244091117e-01,4.134106013594261442e-01,-2.722109187775377248e-01
4.303000000000000000e+03,7.045487864679429890e+00,2.395112060760499872e+01,-3.968028640825491116e-02,-4.756163731306420672e+00,-1.888654186549537206e+00,1.468488451022407493e-01,4.156736159128175401e-01,-2.695401297507247218e-01
4.353000000000000000e+03,6.806707511097108920e+00,2.385614675306569410e+01,-3.231352745366351115e-02,-4.775607071646465585e+00,-1.899477090786017008e+00,1.473351790918279725e-01,4.174050916317083026e-01,-2.668959653185543623e-01
4.403000000000000000e+03,6.567135476092168744e+00,2.376064439950842200e+01,-2.493177859570114979e-02,-4.791440700098760885e+00,-1.910047071145512199e+00,1.476349771592472271e-01,4.186110929108305401e-01,-2.642782941291307863e-01
4.453000000000000000e+03,6.326952612511632879e+00,2.366462603029739498e+01,-1.754424218580279832e-02,-4.803657271610654256e+00,-1.920367384220546203e+00,1.477507281979670295e-01,4.192981171011104236e-01,-2.616869690989997443e-01
4.503000000000000000e+03,6.086339914997545009e+00,2.356810396733430579e+01,-1.015998880894245469e-02,-4.812253950281697001e+00,-1.930441259261774345e+00,1.476850675372068655e-01,4.194730836185335265e-01,-2.591218277917699542e-01
4.553000000000000000e+03,5.845478297757644270e+00,2.347109037247629004e+01,-2.787950166967810214e-03,-4.817232344798078714e+00,-1.940271897160335435e+00,1.474407728394928896e-01,4.191433227284298568e-01,-2.565826928073212665e-01
4.603000000000000000e+03,5.604548375738652055e+00,2.337359724900306190e+01,4.563087827684126491e-03,-4.818598440379893155e+00,-1.949862469464557657e+00,1.470207598930387272e-01,4.183165640208262870e-01,-2.540693721810828309e-01
4.653000000000000000e+03,5.363730249371435832e+00,2.327563644313148217e+01,1.188449174291595495e-02,-4.816362527344328015e+00,-1.959216117431602067e+00,1.464280783046365830e-01,4.170009245926323826e-01,-2.515816597928466347e-01
4.703000000000000000e+03,5.123203293051922458e+00,2.317721964557575021e+01,1.916778709785412968e-02,-4.810539126390299458e+00,-1.968335951114582816e+00,1.456659070987634808e-01,4.152048969525449218e-01,-2.491193357845894740e-01
4.753000000000000000e+03,4.883145947516304375e+00,2.307835839315146842e+01,2.640466460928632755e-02,-4.801146910712350113e+00,-1.977225048485670822e+00,1.447375502286439297e-01,4.129373366646471588e-01,-2.466821669867645395e-01
4.803000000000000000e+03,4.643735516263610918e+00,2.297906407042168553e+01,3.358698620953773362e-02,-4.788208625053799850e+00,-1.985886454595630735e+00,1.436464320050280519e-01,4.102074497467508296e-01,-2.442699073525275710e-01
4.853000000000000000e+03,4.405147966173053931e+00,2.287934791138317436e+01,4.070679083196057646e-02,-4.771751001811126436e+00,-1.994323180770211090e+00,1.423960924484569124e-01,4.070247798395942862e-01,-2.418822983993584308e-01
4.903000000000000000e+03,4.167557732457879638e+00,2.277922100119098658e+01,4.775629996050068105e-02,-4.751804674303466314e+00,-2.002538203843755138e+00,1.409901825708020917e-01,4.033991951630483408e-01,-2.395190696575391631e-01
4.953000000000000000e+03,3.931137528091738886e+00,2.267869427791946890e+01,5.472792294009380665e-02,-4.728404087322820359e+00,-2.010534465430366513e+00,1.394324595918625120e-01,3.993408752755068791e-01,-2.371799391249443945e-01
5.003000000000000000e+03,3.696058157837626368e+00,2.257777853435781878e+01,6.161426204493403169e-02,-4.701587405082174875e+00,-2.018314871232909535e+00,1.377267820968045287e-01,3.948602976526485175e-01,-2.348646137276088619e-01
5.053000000000000000e+03,3.462488337003620131e+00,2.247648441983831447e+01,6.840811730194495954e-02,-4.671396416680156705e+00,-2.025882290390099261e+00,1.358771051402186958e-01,3.899682241017415896e-01,-2.325727897855278392e-01
5.103000000000000000e+03,3.230594515043506476e+00,2.237482244209522264e+01,7.510249106707256317e-02,-4.637876439202203827e+00,-2.033239554861872467e+00,1.338874753025521280e-01,3.846756870276547002e-01,-2.303041534831522796e-01
5.153000000000000000e+03,3.000540704114541768e+00,2.227280296915256130e+01,8.169059235230567706e-02,-4.601076218579338573e+00,-2.040389458853213878e+00,1.317620257046622501e-01,3.789939755666720256e-01,-2.280583813440431873e-01
5.203000000000000000e+03,2.772488312698200730e+00,2.217043623123873175e+01,8.816584090161551368e-02,-4.561047828326708853e+00,-2.047334758276544875e+00,1.295049709861967602e-01,3.729346216041783402e-01,-2.258351407091479524e-01
5.253000000000000000e+03,2.546595984383955624e+00,2.206773232272609420e+01,9.452187101429020133e-02,-4.517846566284917209e+00,-2.054078170252767066e+00,1.271206022534936975e-01,3.665093856921869397e-01,-2.236340902181662704e-01
5.303000000000000000e+03,2.323019441909558225e+00,2.196470120409354365e+01,1.007525351144220593e-01,-4.471530849487915127e+00,-2.060622372650989576e+00,1.246132820026370075e-01,3.597302428826122944e-01,-2.214548802934780680e-01
5.353000000000000000e+03,2.101911336545470022e+00,2.186135270391019958e+01,1.068519070655861991e-01,-4.422162107281848442e+00,-2.066970003666943612e+00,1.219874390232826983e-01,3.526093684920708071e-01,-2.192971536261051069e-01
5.403000000000000000e+03,1.883421102904481614e+00,2.175769652083819494e+01,1.128142852300262344e-01,-4.369804672819711300e+00,-2.073123661440045673e+00,1.192475632888008313e-01,3.451591238138889128e-01,-2.171605456631857112e-01
5.453000000000000000e+03,1.667694819251632765e+00,2.165374222565274565e+01,1.186341952719387471e-01,-4.314525673056998301e+00,-2.079085903709024574e+00,1.163982008382503514e-01,3.373920417928514270e-01,-2.150446850964471690e-01
5.503000000000000000e+03,1.454875073382943640e+00,2.154949926327744691e+01,1.243063927047197842e-01,-4.256394917373748754e+00,-2.084859247506001712e+00,1.134439486556207410e-01,3.293208126780903244e-01,-2.129491943511606367e-01
5.553000000000000000e+03,1.245100834135520529e+00,2.144497695483300248e+01,1.298258651823066823e-01,-4.195484784948435575e+00,-2.090446168888859813e+00,1.103894495517380309e-01,3.209582696693400461e-01,-2.108736900750756427e-01
5.603000000000000000e+03,1.038507328585065892e+00,2.134018449969741837e+01,1.351878345350137900e-01,-4.131870111009106061e+00,-2.095849102711714540e+00,1.072393870541420297e-01,3.123173745716204541e-01,-2.088177836268323984e-01
5.653000000000000000e+03,8.352259249807154617e-01,2.123513097757575707e+01,1.403877585505232395e-01,-4.065628072086949096e+00,-2.101070442433256247e+00,1.039984803101890454e-01,3.034112034732137642e-01,-2.067810815633566446e-01
5.703000000000000000e+03,6.353840214608581505e-01,2.112982535057761879e+01,1.454213325009504620e-01,-3.996838070397192855e+00,-2.106112539962695429e+00,1.006714790085444650e-01,2.942529324616063313e-01,-2.047631861257539210e-01
5.753000000000000000e+03,4.391049405872706757e-01,2.102427646530047056e+01,1.502844904171583285e-01,-3.925581617471727292e+00,-2.110977705543013894e+00,9.726315832415727280e-02,2.848558233918493388e-01,-2.027636957232195059e-01
5.803000000000000000e+03,2.465078297289053921e-01,2.091849305491691169e+01,1.549734061117443717e-01,-3.851942217167319438e+00,-2.115668207671180134e+00,9.377831389172096299e-02,2.752332097215643980e-01,-2.007822054144954849e-01
5.853000000000000000e+03,5.770756732027493285e-02,2.081248374126416678e+01,1.594844939523710481e-01,-3.776005248172564777e+00,-2.120186273054966541e+00,9.022175681253358226e-02,2.653984824265915865e-01,-1.988183073864091543e-01
5.903000000000000000e+03,-1.271853249865202429e-01,2.070625703693386299e+01,1.638144093873502571e-01,-3.697857846135903070e+00,-2.124534086605962990e+00,8.659830869958393129e-02,2.553650760110138251e-01,-1.968715914290374847e-01
5.953000000000000000e+03,-3.080647642633280725e-01,2.059982134736044657e+01,1.679600492256294875e-01,-3.617588785536101526e+00,-2.128713791468349825e+00,8.291279676558464817e-02,2.451464546250460286e-01,-1.949416454070543037e-01
6.003000000000000000e+03,-4.848291823341064344e-01,2.049318497290629892e+01,1.719185516735585728e-01,-3.535288361415543701e+00,-2.132727489082967054e+00,7.917004895858197056e-02,2.347560983039945759e-01,-1.930280557268172770e-01
6.053000000000000000e+03,-6.573815958888786781e-01,2.038635611094198907e+01,1.756872961310415593e-01,-3.451048271095499942e+00,-2.136577239286185037e+00,7.537488914965981279e-02,2.242074893412180081e-01,-1.911304077987727168e-01
6.103000000000000000e+03,-8.256296706884427294e-01,2.027934285791983982e+01,1.792639027498992566e-01,-3.364961495991289464e+00,-2.140265060443045098e+00,7.153213237715380646e-02,2.135140988077270374e-01,-1.892482864947573618e-01
6.153000000000000000e+03,-9.894857798706340191e-01,2.017215321143913087e+01,1.826462317574832073e-01,-3.277122183643838671e+00,-2.143792929614120268e+00,6.764658015167920868e-02,2.026893732307573082e-01,-1.873812765997893703e-01
6.203000000000000000e+03,-1.148867056374765383e+00,2.006479507230135795e+01,1.858323825487911418e-01,-3.187625530082672132e+00,-2.147162782755507315e+00,6.372301582615849669e-02,1.917467214433447031e-01,-1.855289632579540937e-01
6.253000000000000000e+03,-1.303695439506451947e+00,1.995727624655378918e+01,1.888206925505374334e-01,-3.096567662633764151e+00,-2.150376514951350515e+00,5.976620003492576910e-02,1.806995016166083323e-01,-1.836909324119936626e-01
6.303000000000000000e+03,-1.453897715670649404e+00,1.984960444751987652e+01,1.916097358608302714e-01,-3.004045523284001096e+00,-2.153435980678247486e+00,5.578086620585673977e-02,1.695610084861244593e-01,-1.818667712362301569e-01
6.353000000000000000e+03,-1.599405553306262107e+00,1.974178729781483099e+01,1.941983216682982016e-01,-2.910156752712194095e+00,-2.156342994100888699e+00,5.177171614935879157e-02,1.583444607834348372e-01,-1.800560685624547352e-01
6.404000000000000000e+03,-1.740155532060995824e+00,1.963383233134492301e+01,1.965854924546943938e-01,-2.814999575094727646e+00,-2.159099329398237899e+00,4.774341572792405175e-02,1.470629888833935306e-01,-1.782584152984312553e-01
6.454000000000000000e+03,-1.876089166250590523e+00,1.952574699528894797e+01,1.987705219851856886e-01,-2.718672683791927280e+00,-2.161706721119549535e+00,4.370059060982617316e-02,1.357296226777109371e-01,-1.764734048386738530e-01
6.504000000000000000e+03,-2.007152922651552984e+00,1.941753865206047180e+01,2.007529130907063086e-01,-2.621275128019186162e+00,-2.164166864569491366e+00,3.964782211041233129e-02,1.243572796846869888e-01,-1.747006334671696859e-01
6.554000000000000000e+03,-2.133298232681788420e+00,1.930921458124939250e+01,2.025323952469215150e-01,-2.522906200604739801e+00,-2.166481416221619050e+00,3.558964312430429322e-02,1.129587534047760550e-01,-1.729397007517299578e-01
6.604000000000000000e+03,-2.254481499028475611e+00,1.920078198154141802e+01,2.041089219545065003e-01,-2.423665326933748254e+00,-2.168651994159437990e+00,3.153053415169970730e-02,1.015467019312536745e-01,-1.711902099296642721e-01
6.654000000000000000e+03,-2.370664096787280073e+00,1.909224797261420647e+01,2.054826679255975785e-01,-2.323651955176039952e+00,-2.170680178544254879e+00,2.747491942182149829e-02,9.013363682487821049e-02,-1.694517682844884077e-01
6.704000000000000000e+03,-2.481812369181902511e+00,1.898361959700875445e+01,2.066540260814190566e-01,-2.222965447892497171e+00,-2.172567512109013776e+00,2.342716311642949537e-02,7.873191226107133234e-02,-1.677239875133837432e-01
6.754000000000000000e+03,-2.587897617937535699e+00,1.887490382197488969e+01,2.076236043662277042e-01,-2.121704975112602032e+00,-2.174315500677294288e+00,1.939156569617289660e-02,6.735371445775528709e-02,-1.660064840851445678e-01
6.804000000000000000e+03,-2.688896088386190542e+00,1.876610754128956060e+01,2.083922223828487408e-01,-2.019969408973150582e+00,-2.175925613706625406e+00,1.537236033242073661e-02,5.601105139159651136e-02,-1.642988795883578990e-01
6.854000000000000000e+03,-2.784788949386467038e+00,1.865723757704679642e+01,2.089609078552020494e-01,-1.917857220005554586e+00,-2.177399284855261907e+00,1.137370944706641261e-02,4.471574281002591023e-02,-1.626008010695765560e-01
6.904000000000000000e+03,-2.875562268144289391e+00,1.854830068141821897e+01,2.093308929233354265e-01,-1.815466375156505663e+00,-2.178737912571555579e+00,7.399701362667695202e-03,3.347941054600007960e-02,-1.609118813612580301e-01
6.954000000000000000e+03,-2.961206980025497870e+00,1.843930353838296909e+01,2.095036102765919783e-01,-1.712894237624071225e+00,-2.179942860705033070e+00,3.454347065131002995e-03,2.231346914208785781e-02,-1.592317593992542968e-01
7.004000000000000000e+03,-3.041718853454923988e+00,1.833025276542605297e+01,2.094806891306429664e-01,-1.610237468588540999e+00,-2.181015459138293977e+00,-4.584229189804377505e-04,1.122911679005717152e-02,-1.575600805296528961e-01
7.054000000000000000e+03,-3.117098450000650445e+00,1.822115491520411368e+01,2.092639510542134151e-01,-1.507591930914526035e+00,-2.181957004438817016e+00,-4.334761528590787803e-03,2.373265917514221933e-04,-1.558964968047816813e-01
7.104000000000000000e+03,-3.187351079745550209e+00,1.811201647717762597e+01,2.088554056514176915e-01,-1.405052594897961304e+00,-2.182768760529764318e+00,-8.170908055914527512e-03,-1.065116185336916627e-02,-1.542406672682014035e-01
7.154000000000000000e+03,-3.252486752051989782e+00,1.800284387920868312e+01,2.082572461057036195e-01,-1.302713446128766606e+00,-2.183451959378859719e+00,-1.196319091428160210e-02,-2.142585052903298037e-02,-1.525922582285284268e-01
7.204000000000000000e+03,-3.312520121828839592e+00,1.789364348912346259e+01,2.074718445914797427e-01,-1.200667395536971993e+00,-2.184007801704411111e+00,-1.570803028447752964e-02,-3.207649074673009360e-02,-1.509509435219371365e-01
7.254000000000000000e+03,-3.367470431413195797e+00,1.778442161623858908e+01,2.065017475595674612e-01,-1.099006191687146972e+00,-2.184437457697538498e+00,-1.940194063824579596e-02,-4.259309054987286264e-02,-1.493164047632105362e-01
7.304000000000000000e+03,-3.417361448182344219e+00,1.767518451285060621e+01,2.053496709026806644e-01,-9.978203353829588895e-01,-2.184742067759668505e+00,-2.304153313773592976e-02,-5.296592177376099886e-02,-1.476883315852161316e-01
7.354000000000000000e+03,-3.462221398014378337e+00,1.756593837568788885e+01,2.040184950071894376e-01,-8.971989966406453965e-01,-2.184922743254344990e+00,-2.662351790982448937e-02,-6.318552675797473039e-02,-1.460664218667027114e-01
7.404000000000000000e+03,-3.502082894718732575e+00,1.745668934732426791e+01,2.025112596974703860e-01,-7.972299340871225048e-01,-2.184980567272411633e+00,-3.014470619438129953e-02,-7.324272470821074910e-02,-1.444503819483202722e-01
7.454000000000000000e+03,-3.536982865560499789e+00,1.734744351755378844e+01,2.008311590791859724e-01,-6.979994168353619299e-01,-2.184916595409607698e+00,-3.360201236568852862e-02,-8.312861770497584346e-02,-1.428399268367863406e-01
7.504000000000000000e+03,-3.566962473004828382e+00,1.723820692472600413e+01,1.989815362878676885e-01,-5.995921488865607607e-01,-2.184731856555626184e+00,-3.699245582636547652e-02,-9.283459635695086309e-02,-1.412347803971273352e-01
7.554000000000000000e+03,-3.592067032810103200e+00,1.712898555704132164e+01,1.969658781492031885e-01,-5.020911961055055661e-01,-2.184427353693684903e+00,-4.031316277329004272e-02,-1.023523450972247256e-01,-1.396346755329439804e-01
7.604000000000000000e+03,-3.612345928600724676e+00,1.701978535380584034e+01,1.947878097574460010e-01,-4.055779158123960504e-01,-2.184004064709648141e+00,-4.356136783514393679e-02,-1.158925971209903844e-01,-1.380393543546554469e-01
7.654000000000000000e+03,-3.627852523052286671e+00,1.691061220664535014e+01,1.919237452283786005e-01,-3.101318890312474985e-01,-2.183462943209758311e+00,-5.728129058134791285e-02,-1.540689157468101422e-01,-1.364737557845986937e-01
7.704000000000000000e+03,-3.638656985745754469e+00,1.680147186598839326e+01,1.855834473207147728e-01,-2.160892538693419962e-01,-2.182806813139167801e+00,-1.268059581532766100e-01,-2.038441330536215068e-01,-1.350194367438449783e-01
7.754000000000000000e+03,-3.644914653979864028e+00,1.669236963516726036e+01,1.758478101416759143e-01,-1.251533646821917367e-01,-2.182044616422633254e+00,-1.947127435807771700e-01,-2.354908538271489049e-01,-1.333977215620541501e-01
7.804000000000000000e+03,-3.646864050865502804e+00,1.658331142030639072e+01,1.643183962761793349e-01,-3.898793771277053039e-02,-2.181164297217366599e+00,-2.305882773099314775e-01,-2.859994064731546937e-01,-1.315329483709534730e-01
7.854000000000000000e+03,-3.644787647042374346e+00,1.647430401175151715e+01,1.470658261268383560e-01,4.152807646255734370e-02,-2.180148171097516574e+00,-3.450514029868193555e-01,-3.015223758922617181e-01,-1.297626655324015110e-01
7.904000000000000000e+03,-3.639108130479140613e+00,1.636535381066974182e+01,1.304128791785006403e-01,1.135903312647081609e-01,-2.179004021635442712e+00,-3.330589389667542033e-01,-2.947410680890539814e-01,-1.273960525543375299e-01
7.954000000000000000e+03,-3.630233498376032486e+00,1.625646942806497819e+01,1.123387199786955032e-01,1.774926420621734668e-01,-2.177687652095260606e+00,-3.614831839961026305e-01,-2.921389843657819507e-01,-1.251371926655899525e-01
8.004000000000000000e+03,-3.618606567633445792e+00,1.614765902679931031e+01,9.351604858481496474e-02,2.325386148517342710e-01,-2.176208025313400185e+00,-3.764534278776107135e-01,-2.754731816255795440e-01,-1.227566969232887356e-01
8.054000000000000000e+03,-3.604688493700532348e+00,1.603893118619815183e+01,7.495190681488320128e-02,2.783614786582936373e-01,-2.174556812023170860e+00,-3.712828353986351027e-01,-2.521209397915182837e-01,-1.202690357747278893e-01
8.104000000000000000e+03,-3.588934098050653887e+00,1.593029484556776509e+01,5.664189392514033805e-02,3.150879129975863724e-01,-2.172726812607771230e+00,-3.662002577948572646e-01,-2.256806794680546180e-01,-1.292041615884377270e-01
8.155000000000000000e+03,-3.571791975999605739e+00,1.582155477571159352e+01,3.890012972814484160e-02,3.428424410209051643e-01,-2.174801397123398150e+00,-3.548352839399098180e-01,-1.972655521990956673e-01,-1.873178095564954349e-01
8.205000000000000000e+03,-3.553696800770222097e+00,1.571163373510806949e+01,2.171262032603023598e-02,3.619035045876961565e-01,-2.198420812070482899e+00,-3.437501880422920708e-01,-1.696116325550749426e-01,-1.923281964292347657e-01
8.255000000000000000e+03,-3.535069666342852912e+00,1.560038456111739791e+01,4.972428803770495565e-03,3.725426885474509286e-01,-2.224983479813432918e+00,-3.348038304451947944e-01,-1.404496717592124688e-01,-1.761377695079615613e-01
8.305000000000000000e+03,-3.516320707409786195e+00,1.548803583841632303e+01,-1.108963471129885761e-02,3.749791786612984845e-01,-2.246974454021519740e+00,-3.212412703013870496e-01,-1.036790919471721334e-01,-1.545293397038836614e-01
8.355000000000000000e+03,-3.497843444527148904e+00,1.537491601931664675e+01,-2.569657043138519337e-02,3.695452576527620270e-01,-2.262396381993480254e+00,-2.921387144017267290e-01,-4.612742162620718511e-02,-1.390871391497129905e-01
8.405000000000000000e+03,-3.479995747620080238e+00,1.526124809042909547e+01,-3.670454164858479723e-02,3.569539381413832646e-01,-2.273358577751019460e+00,-2.201594243439921050e-01,3.055220883797168940e-02,-1.277171817466906667e-01
8.455000000000000000e+03,-3.463047311983402210e+00,1.514718492166549524e+01,-4.284076780854848693e-02,3.389687127335767047e-01,-2.281263375272025051e+00,-1.227245231992737662e-01,1.061095913902432436e-01,-1.166580637488164596e-01
8.505000000000000000e+03,-3.447148475158034131e+00,1.503287745001891906e+01,-4.445954382509149927e-02,3.179767365073879470e-01,-2.286149432931525283e+00,-3.237552033086026071e-02,1.427860115334312896e-01,-1.041468288503207551e-01
8.555000000000000000e+03,-3.432338897156380852e+00,1.491850826642906469e+01,-4.542498362743012386e-02,2.961915600330931042e-01,-2.287383671797084350e+00,-1.930879604677250561e-02,1.940473037723941530e-01,-8.850600387127513513e-02
8.605000000000000000e+03,-3.418642231253599562e+00,1.480432440358327284e+01,-4.087864886528712327e-02,2.739333180556523528e-01,-2.283677256915849885e+00,9.092669524285998395e-02,2.148150742802103219e-01,-8.255421871777701703e-02
8.655000000000000000e+03,-3.405947092248013064e+00,1.469040110584600356e+01,-3.739659135366355663e-02,2.539027801116616745e-01,-2.278465954745389599e+00,6.964115023247136049e-02,2.080906457110423546e-01,-8.112289954157486660e-02
8.705000000000000000e+03,-3.394168169730594542e+00,1.457674245129087254e+01,-3.356805900711638119e-02,2.355784503483664971e-01,-2.273173091102608012e+00,7.657064693094348118e-02,2.042873464650385440e-01,-7.959059918709687764e-02
8.755000000000000000e+03,-3.383211664658855256e+00,1.446335287722961738e+01,-3.002242223116063577e-02,2.191301014348794596e-01,-2.267791481225072125e+00,7.091273551911489448e-02,1.990927144115373360e-01,-7.812355348885005601e-02
8.805000000000000000e+03,-3.372990708931773440e+00,1.435023655346916271e+01,-2.648090260536225746e-02,2.044191145416107414e-01,-2.262326475209085697e+00,7.083039251596758012e-02,1.944314296166798628e-01,-7.664756880135592532e-02
8.855000000000000000e+03,-3.363418535318526637e+00,1.423739766257261863e+01,-2.306884359288804281e-02,1.914434722649832332e-01,-2.256777817930886609e+00,6.824118024948426509e-02,1.894521182681500604e-01,-7.519546258046866383e-02
8.905000000000000000e+03,-3.354411548373303020e+00,1.412484027642160456e+01,-1.973161893045476817e-02,1.801397389044680775e-01,-2.251147723020214819e+00,6.674449324866545130e-02,1.845391082442095487e-01,-7.375241824455433526e-02
8.955000000000000000e+03,-3.345887986091874211e+00,1.401256841247110785e+01,-1.649460989212922502e-02,1.704712456285452371e-01,-2.245437279009967479e+00,6.474018076651083531e-02,1.795267934016044342e-01,-7.232481782323216257e-02
9.005000000000000000e+03,-3.337768541752804907e+00,1.390058601002899863e+01,-1.334748858651945043e-02,1.623888867814019255e-01,-2.239648048842228345e+00,6.294242611219548478e-02,1.744944102390024732e-01,-7.090960489286221580e-02
9.055000000000000000e+03,-3.329976110884100393e+00,1.378889694213709660e+01,-1.029572235367376409e-02,1.558486173740073755e-01,-2.233781357838081849e+00,6.103532465691372672e-02,1.694122759653301502e-01,-6.950792136765619744e-02
9.106000000000000000e+03,-3.322435925213067520e+00,1.367750501160958621e+01,-7.337648375651102672e-03,1.508037134207072250e-01,-2.227838610550219034e+00,5.916147956045322148e-02,1.642992398595002901e-01,-6.811903804547557451e-02
9.156000000000000000e+03,-3.315075511927233265e+00,1.356641395412551887e+01,-4.474677036894350243e-03,1.472082657166381980e-01,-2.221821149681338259e+00,5.725942677513504858e-02,1.591525942317143505e-01,-6.674305637900952715e-02
9.206000000000000000e+03,-3.307824728228805355e+00,1.345562743818308604e+01,-1.706749849688007480e-03,1.450156739685599661e-01,-2.215730318848646796e+00,5.535854374412685353e-02,1.539792634286615003e-01,-6.537970618196384254e-02
9.256000000000000000e+03,-3.300615759901692314e+00,1.334514906645125976e+01,9.656393110346601742e-04,1.441793665422128334e-01,-2.209567434636506178e+00,5.344778321445334962e-02,1.487819141704369574e-01,-6.402888102752687938e-02
9.306000000000000000e+03,-3.293383133411460051e+00,1.323498237649904397e+01,3.542344163196712008e-03,1.446525298046198171e-01,-2.203333799044340680e+00,5.153409704324103668e-02,1.435651304332814793e-01,-6.269040019909662143e-02
9.356000000000000000e+03,-3.286063719489231261e+00,1.312513084180034895e+01,6.023165624951943957e-03,1.463882784445862117e-01,-2.197030693973863080e+00,4.961642923510463377e-02,1.383326577129743995e-01,-6.136411489866115676e-02
9.406000000000000000e+03,-3.278596738009191824e+00,1.301559787261387413e+01,8.408030077721801582e-03,1.493396296008126789e-01,-2.190659383729456788e+00,4.769728905539714209e-02,1.330886223902151833e-01,-6.004986122322519132e-02
9.456000000000000000e+03,-3.270923759792246699e+00,1.290638681691535083e+01,1.069690994430612559e-02,1.534595643388963482e-01,-2.184221113970450379e+00,4.577759733168647316e-02,1.278369818817567949e-01,-5.874748134115403975e-02
9.506000000000000000e+03,-3.262988707281667899e+00,1.279750096130230830e+01,1.288985883830469359e-02,1.587010502116063537e-01,-2.177717112260835197e+00,4.385897787997135311e-02,1.225817623716277949e-01,-5.745681430917294608e-02
9.556000000000000000e+03,-3.254737853229549671e+00,1.268894353190601620e+01,1.498699559609458984e-02,1.650170810423756684e-01,-2.171148587925785023e+00,4.194273515579791806e-02,1.173269461016429732e-01,-5.617770039845725039e-02
9.606000000000000000e+03,-3.246119817785324102e+00,1.258071769529430739e+01,1.698851094141053467e-02,1.723607088844620328e-01,-2.164516732234160301e+00,4.003030690631892430e-02,1.120765147582987870e-01,-5.490997940384784864e-02
9.656000000000000000e+03,-3.237085563823036694e+00,1.247282655937166140e+01,1.889466395872268709e-02,1.806850792457531940e-01,-2.157822718452977906e+00,3.812306034624305534e-02,1.068344235021092686e-01,-5.365349162700647906e-02
9.706000000000000000e+03,-3.227588390593762568e+00,1.236527317427288253e+01,2.070578298759373145e-02,1.899434645855273274e-01,-2.151067701975525548e+00,3.622238057742090123e-02,1.016046059936518697e-01,-5.240807766507629695e-02
9.756000000000000000e+03,-3.217583925681289259e+00,1.225806053325123557e+01,2.242226443657480139e-02,2.000892982494482664e-01,-2.144252820432947182e+00,3.432962897962137799e-02,9.639096575355046714e-02,-5.117357872652703032e-02
9.806000000000000000e+03,-3.207030115290123717e+00,1.215119157355978530e+01,2.404457241292836875e-02,2.110762078233699157e-01,-2.137379193829017421e+00,3.244615952707134016e-02,9.119737374036385180e-02,-4.994983670771354495e-02
9.856000000000000000e+03,-3.195887212874840344e+00,1.204466917732578324e+01,2.557323788162357489e-02,2.228580483057048256e-01,-2.130447924680001215e+00,3.057330937390415060e-02,8.602766330048000620e-02,-4.873669437115910053e-02
9.906000000000000000e+03,-3.184117766131453919e+00,1.193849617241742322e+01,2.700885792890033235e-02,2.353889348677003501e-01,-2.123460098167214927e+00,2.871240094553516656e-02,8.088562643156993470e-02,-4.753399547364080269e-02
9.956000000000000000e+03,-3.171686602368811947e+00,1.183267533330250032e+01,2.835209487705996415e-02,2.486232752528615142e-01,-2.116416782298457200e+00,2.686473896319262547e-02,7.577500960928142126e-02,-4.634158491156306625e-02
1.000600000000000000e+04,-3.158560812281681507e+00,1.172720938189852191e+01,2.960367536603174601e-02,2.625158017426209023e-01,-2.109319028079563729e+00,2.503160977943564777e-02,7.069950996010926358e-02,-4.515930885345744578e-02
1.005600000000000000e+04,-3.144709732148083248e+00,1.162210098841377004e+01,3.076438935313365042e-02,2.770216026719764524e-01,-2.102167869695064972e+00,2.321427974203809502e-02,6.566277143564049068e-02,-4.398701487291063750e-02
1.010600000000000000e+04,-3.130104924475329398e+00,1.151735277217887088e+01,3.183508905555882534e-02,2.920961534550119421e-01,-2.094964324697936142e+00,2.141399404850348118e-02,6.066838114513246893e-02,-4.282455207588881096e-02
1.015600000000000000e+04,-3.114720157120718369e+00,1.141296730246847702e+01,3.281668782763187686e-02,3.076953470922357270e-01,-2.087709394207972302e+00,1.963197544146107892e-02,5.571986577985441058e-02,-4.167177122503473025e-02
1.020600000000000000e+04,-3.098531380914327116e+00,1.130894709931255093e+01,3.371015897939085709e-02,3.237755241277753271e-01,-2.080404063118513669e+00,1.786942303517966013e-02,5.082068816191654542e-02,-4.052852485969050261e-02
1.025600000000000000e+04,-3.081516705812944679e+00,1.120529463429699035e+01,3.451653453663963700e-02,3.402935020276768863e-01,-2.073049300311168519e+00,1.612751114497565363e-02,4.597424390592308452e-02,-3.939466741210768952e-02
1.030600000000000000e+04,-3.063656375615412486e+00,1.110201233135308030e+01,3.523690394551372979e-02,3.572066039506303081e-01,-2.065646058878192193e+00,1.440738817748181931e-02,4.118385820133695085e-02,-3.827005531955188222e-02
1.035600000000000000e+04,-3.044932741271217935e+00,1.099910256753547344e+01,3.587241272335334880e-02,3.744726868839319822e-01,-2.058195276352188685e+00,1.271017555679232643e-02,3.645278271454964469e-02,-3.715454713235073758e-02
1.040600000000000000e+04,-3.025330232815299780e+00,1.089656767378833280e+01,3.642426105827119981e-02,3.920501691183751469e-01,-2.050697874942784882e+00,1.103696669835703588e-02,3.178419261340340723e-02,-3.604800361779045281e-02
1.045600000000000000e+04,-3.004835329963452040e+00,1.079440993569933482e+01,3.689370235957194905e-02,4.098980570369280541e-01,-2.043154761779935047e+00,9.388826026014977788e-03,2.718118371504639474e-02,-3.495028785983619185e-02
1.050600000000000000e+04,-2.983436531403796721e+00,1.069263159424115983e+01,3.728204176131334063e-02,4.279759711931183097e-01,-2.035566829163504288e+00,7.766788034827805734e-03,2.264676975863071789e-02,-3.386126535462539999e-02
1.055600000000000000e+04,-2.961124322820989363e+00,1.059123484650021751e+01,3.759063458126648410e-02,4.462441716561618699e-01,-2.027934954818785940e+00,6.171856399062915395e-03,1.818387980388334532e-02,-3.278080410170393366e-02
1.060600000000000000e+04,-2.937891143690936957e+00,1.049022184639233757e+01,3.782088473757051761e-02,4.646635826009824499e-01,-2.020260002157602042e+00,4.605003126080663145e-03,1.379535575659596516e-02,-3.170877469097077572e-02
1.065600000000000000e+04,-2.913731352884820325e+00,1.038959470536510565e+01,3.797424312537973218e-02,4.831958161223920412e-01,-2.012542820544631628e+00,3.067167756184282276e-03,9.483950021874345757e-03,-3.064505038530539530e-02
1.070600000000000000e+04,-2.888641193122129636e+00,1.028935549308667774e+01,3.805220595581626508e-02,5.018031952538281049e-01,-2.004784245568623113e+00,1.559256608730633358e-03,5.252323285877410000e-03,-2.958950719885623803e-02
1.075600000000000000e+04,-2.862618754313519531e+00,1.018950623812077083e+01,3.805631305954734062e-02,5.204487761721781069e-01,-1.996985099318137724e+00,8.214207462145387342e-05,1.103042426635658700e-03,-2.854202397097112265e-02
1.080600000000000000e+04,-2.835663935834951133e+00,1.009004892858769864e+01,3.798814615731282290e-02,5.390963695713562043e-01,-1.989146190661469804e+00,-1.363338044690378965e-03,-2.961421445599450673e-03,-2.750248243575833043e-02
1.085600000000000000e+04,-2.807778407775529672e+00,9.990985512811182190e+00,3.784932709973155146e-02,5.577105611884395353e-01,-1.981268315530400059e+00,-2.776381151625425397e-03,-6.938694818155913269e-03,-2.647076728726772271e-02
1.090700000000000000e+04,-2.778965571202160589e+00,9.892317899950807458e+00,3.764151607871612376e-02,5.762567314673080476e-01,-1.973352257207430016e+00,-4.156220420308555721e-03,-1.082650347570349170e-02,-2.544676624028895801e-02
1.095700000000000000e+04,-2.749230517484868130e+00,9.794047960619998605e+00,3.736640981282432494e-02,5.947010743458789328e-01,-1.965398786616151527e+00,-5.502125317835997176e-03,-1.462267406992180836e-02,-2.443037008676671173e-02
1.100700000000000000e+04,-2.718579986727160502e+00,9.696177527489279413e+00,3.702573970887180349e-02,6.130106151541628856e-01,-1.957408662614406492e+00,-6.813402079050486296e-03,-1.832513555915380593e-02,-2.342147274783635061e-02
1.105700000000000000e+04,-2.687022325346585916e+00,9.598708395874783861e+00,3.662127000212447164e-02,6.311532276115100482e-01,-1.949382632289893724e+00,-8.089394134946664705e-03,-2.193192051824249464e-02,-2.241997132148984204e-02
1.110700000000000000e+04,-2.654567442850957804e+00,9.501642324311887933e+00,3.615479587738118505e-02,6.490976499125510335e-01,-1.941321431257879482e+00,-9.329482494865783820e-03,-2.544116631888629007e-02,-2.142576612588455512e-02
1.115700000000000000e+04,-2.621226767856331463e+00,9.404981035113856080e+00,3.562814157324657727e-02,6.668134998924677426e-01,-1.933225783960679234e+00,-1.053308608269211064e-02,-2.885111618096775077e-02,-2.043876073831153370e-02
1.120700000000000000e+04,-2.587013203393166094e+00,9.308726214915427732e+00,3.504315847188161498e-02,6.842712892633585620e-01,-1.925096403968568515e+00,-1.169966202729929780e-02,-3.216012009543503525e-02,-1.945886202984465838e-02
1.125700000000000000e+04,-2.551941081547436596e+00,9.212879515201336744e+00,3.440172317650452144e-02,7.014424369145805249e-01,-1.916933994281796672e+00,-1.282870590754181701e-02,-3.536663561944023565e-02,-1.848598019569650322e-02
1.130700000000000000e+04,-2.516026117483882274e+00,9.117442552819667867e+00,3.370573557889811750e-02,7.182992812710677910e-01,-1.908739247633372438e+00,-1.391975195212812738e-02,-3.846922854455098184e-02,-1.752002878130905564e-02
1.135700000000000000e+04,-2.479285362898647094e+00,9.022416910480050234e+00,3.295711691916063113e-02,7.348150917047278075e-01,-1.900512846792296484e+00,-1.497237319474978116e-02,-4.146657343897851983e-02,-1.656092470421265811e-02
1.140700000000000000e+04,-2.441737158948889430e+00,8.927804137236702076e+00,3.215780783991625119e-02,7.509640789951165241e-01,-1.892255464866922310e+00,-1.598618158488762653e-02,-4.435745406487376363e-02,-1.560858827169094541e-02
1.145700000000000000e+04,-2.403401088707056488e+00,8.833605748956294690e+00,3.130976643717881674e-02,7.667214048366753909e-01,-1.883967765608128619e+00,-1.696082805474871669e-02,-4.714076367185676686e-02,-1.466294319429058135e-02
1.150700000000000000e+04,-2.364297929187511471e+00,8.739823228770692509e+00,3.041496631003730300e-02,7.820631903908930038e-01,-1.875650403711989433e+00,-1.789600254283025410e-02,-4.981550516805910434e-02,-1.372391659522188834e-02
1.155700000000000000e+04,-2.324449602993372110e+00,8.646458027514611899e+00,2.947539461130509533e-02,7.969665238828113063e-01,-1.867304025121641731e+00,-1.879143397464415680e-02,-5.238079117006106539e-02,-1.279143901569701827e-02
1.160700000000000000e+04,-2.283879129631255722e+00,8.553511564148205792e+00,2.849305010124659338e-02,8.114094672423507459e-01,-1.858929267328040869e+00,-1.964689020117005303e-02,-5.483584393321601358e-02,-1.186544441625699345e-02
1.165700000000000000e+04,-2.242610576541654410e+00,8.460985226164741135e+00,2.746994120646441273e-02,8.253710617919615133e-01,-1.850526759669314680e+00,-2.046217789564362330e-02,-5.717999516395286946e-02,-1.094587017414348426e-02
1.170700000000000000e+04,-2.200669009892497030e+00,8.368880369983322964e+00,2.640808408599847751e-02,8.388313329831290632e-01,-1.842097123628422484e+00,-2.123714240931870792e-02,-5.941268571574889745e-02,-1.003265707677118528e-02
1.175700000000000000e+04,-2.158080445183234275e+00,8.277198321326881825e+00,2.530950070665463625e-02,8.517712941852683128e-01,-1.833640973128834561e+00,-2.197166758687683560e-02,-6.153346517056455800e-02,-9.125749311364025548e-03
1.180700000000000000e+04,-2.114871797706658896e+00,8.185940375585481377e+00,2.417621692954506282e-02,8.641729495315291221e-01,-1.825158914827954559e+00,-2.266567554219144770e-02,-6.354199130762101799e-02,-8.225094450818355371e-03
1.185700000000000000e+04,-2.071070832915307136e+00,8.095107798165084745e+00,2.301026060978595897e-02,8.760192958270062169e-01,-1.816651548408011685e+00,-2.331912639518206320e-02,-6.543802946149654409e-02,-7.330643435860847816e-03
1.190700000000000000e+04,-2.026706116739017460e+00,8.004701824821875533e+00,2.181365971125955733e-02,8.872943235258013983e-01,-1.808119466864156699e+00,-2.393201797052802587e-02,-6.722145177160357421e-02,-6.442350553570125836e-03
1.195700000000000000e+04,-1.981806965899803430e+00,7.914723661982403513e+00,2.058844043830767440e-02,8.979830167843185773e-01,-1.799563256789502796e+00,-2.450438545903768639e-02,-6.889223632519586582e-02,-5.560173412337658660e-03
1.200700000000000000e+04,-1.936403398269852971e+00,7.825174487049558536e+00,1.933662538618269311e-02,9.080713525990893320e-01,-1.790983498656858908e+00,-2.503630104249961880e-02,-7.045046619613357097e-02,-4.684072913340067701e-03
1.205800000000000000e+04,-1.890526083317933370e+00,7.736055448694713732e+00,1.806023171203937142e-02,9.175462990383188577e-01,-1.782380767096908514e+00,-2.552787348286646163e-02,-7.189632838171609863e-02,-3.814013218604573457e-03
1.210800000000000000e+04,-1.844206292689072768e+00,7.647367667136084179e+00,1.676126932820682508e-02,9.263958125772181473e-01,-1.773755631172597491e+00,-2.597924767665089896e-02,-7.323011263996387354e-02,-2.949961715745502006e-03
1.215800000000000000e+04,-1.797475850961671284e+00,7.559112234403606578e+00,1.544173911943511057e-02,9.346088345480395576e-01,-1.765108654649497177e+00,-2.639060417543430404e-02,-7.445221022981080017e-02,-2.091888979456554137e-03
1.220800000000000000e+04,-1.750367086625843172e+00,7.471290214590510459e+00,1.410363118576420105e-02,9.421752867165626988e-01,-1.756440396261923276e+00,-2.676215867341818350e-02,-7.556311255672590321e-02,-1.239768729843816059e-03
1.225800000000000000e+04,-1.702912783325963630e+00,7.383902644091779877e+00,1.274892311261614265e-02,9.490860659975871583e-01,-1.747751409974586778e+00,-2.709416146296117489e-02,-7.656340972635916620e-02,-3.935777876863994938e-04
1.230800000000000000e+04,-1.655146131409825472e+00,7.296950531829804021e+00,1.137957826966233717e-02,9.553330383227690570e-01,-1.739042245239577511e+00,-2.738689685907609930e-02,-7.745378900886275286e-02,4.467039732848435704e-04
1.235800000000000000e+04,-1.607100679826082512e+00,7.210434859467380164e+00,9.997544139968695190e-03,9.609090316749036020e-01,-1.730313447248471137e+00,-2.764068259387282914e-02,-7.823503321659965037e-02,1.281093677000253025e-03
1.240800000000000000e+04,-1.558810288410906963e+00,7.124356581608413563e+00,8.604750680870866184e-03,9.658078283034883249e-01,-1.721565557179371320e+00,-2.785586918195657319e-02,-7.890801899800728436e-02,2.109605498461089319e-03
1.245800000000000000e+04,-1.510309080604049115e+00,7.038716625986481290e+00,7.203108717980569696e-03,9.700241561371150123e-01,-1.712799112438702975e+00,-2.803283925780593322e-02,-7.947371505043329676e-02,2.932250719853294989e-03
1.250800000000000000e+04,-1.461631396633602975e+00,6.953515893641601053e+00,5.794508373671995553e-03,9.735536794089254542e-01,-1.704014646897572982e+00,-2.817200688617148285e-02,-7.993318025481398192e-02,3.749037789266891629e-03
1.255800000000000000e+04,-1.412811747208003510e+00,6.868755259085475018e+00,4.380817531344366467e-03,9.763929885120248287e-01,-1.695212691122538695e+00,-2.827381684655258867e-02,-8.028756173510592786e-02,4.559972381924044284e-03
1.260800000000000000e+04,-1.363884767752882254e+00,6.784435570455446651e+00,2.963880336703348696e-03,9.785395891023834780e-01,-1.686393772600615959e+00,-2.833874389282035541e-02,-8.053809284542540192e-02,5.365057463816568818e-03
1.265800000000000000e+04,-1.314885173229516369e+00,6.700557649657525872e+00,1.545515737249851355e-03,9.799918904673681208e-01,-1.677558415958378513e+00,-2.836729198906994681e-02,-8.068609108788768469e-02,1.741429335765190545e-02
1.270800000000000000e+04,-1.265847713570586563e+00,6.617323185355918014e+00,1.275160611101150594e-04,9.807491931786205264e-01,-1.664689286032146720e+00,-2.835999352279472419e-02,-8.073284335771700737e-02,2.914796209956574749e-02
1.275800000000000000e+04,-1.216807129768156415e+00,6.534931671428825695e+00,-1.288351400386398161e-03,9.808116760485643404e-01,-1.647830278541868143e+00,-2.831734922993026093e-02,-8.067982933034316406e-02,3.306582968061972522e-02
1.280800000000000000e+04,-1.167798110575041903e+00,6.453446488491220379e+00,-2.700350194567258805e-03,9.801803838623750487e-01,-1.629703658752119644e+00,-2.823997588361720767e-02,-8.052869060792713918e-02,3.312415962360343996e-02
1.285800000000000000e+04,-1.118855249961686837e+00,6.372863324173653865e+00,-4.106775990620072092e-03,9.788572122670370357e-01,-1.611663286351321167e+00,-2.812851592105626228e-02,-8.028110187541817599e-02,3.317615047143703672e-02
1.290800000000000000e+04,-1.070013005360102909e+00,6.293177863837343011e+00,-5.505956728286014179e-03,9.768448920316332718e-01,-1.593709206726223515e+00,-2.798361475331884521e-02,-7.993876849240075244e-02,3.509684376225020302e-02
1.295900000000000000e+04,-1.021305656698366704e+00,6.214419272884526890e+00,-6.896253270063926709e-03,9.741469732347731725e-01,-1.575171819056332856e+00,-2.780593083555825407e-02,-7.950344623720986825e-02,4.070965904441085914e-02
1.300900000000000000e+04,-9.727672662417425897e-01,6.136683317589646691e+00,-8.276060319610596683e-03,9.707678091324417613e-01,-1.554719105897561571e+00,-2.759614099093340295e-02,-7.897694059352527995e-02,4.428635568379268167e-02
1.305900000000000000e+04,-9.244316392629521317e-01,6.060031197543739978e+00,-9.643807185973110943e-03,9.667125395758325856e-01,-1.533042400918164683e+00,-2.735493732725028174e-02,-7.836118015900302158e-02,4.400347571225723953e-02
1.310900000000000000e+04,-8.763322855602169170e-01,5.984456430112015113e+00,-1.099796055480068563e-02,9.619870740547058485e-01,-1.511495348634456670e+00,-2.708306737655148330e-02,-7.765817752582347688e-02,4.183922761071600521e-02
1.315900000000000000e+04,-8.285023818910737248e-01,5.909919058989675733e+00,-1.233702521967946185e-02,9.565980733828535199e-01,-1.490747422446869752e+00,-2.678129329757552440e-02,-7.686998383123175294e-02,2.097028225388660599e-02
1.320900000000000000e+04,-7.809747353398108771e-01,5.836044676535927067e+00,-1.365954463553907886e-02,9.505529310252105457e-01,-1.477487649074944676e+00,-2.645038831719234707e-02,-7.599887466186996954e-02,6.287919804535354457e-03
1.325900000000000000e+04,-7.337817476321184529e-01,5.762563304790703000e+00,-1.496410645185910701e-02,9.438597541537964153e-01,-1.469627434904416940e+00,-2.609123632640054577e-02,-7.504693516377505813e-02,7.012745492447260837e-03
1.330900000000000000e+04,-6.869553805325026019e-01,5.689475703609065960e+00,-1.624933462398457998e-02,9.365273419923854092e-01,-1.461752023632718389e+00,-2.570456344250943506e-02,-7.401619378092827439e-02,7.732109234931429376e-03
1.335900000000000000e+04,-6.405271221311679142e-01,5.616782608513172903e+00,-1.751389177454420673e-02,9.285651680266330255e-01,-1.453861901917943289e+00,-2.529114301119251770e-02,-7.290889079897584779e-02,8.445976375428706356e-03
1.340900000000000000e+04,-5.945279540783126038e-01,5.544484730683638674e+00,-1.875648349085371272e-02,9.199833610571064302e-01,-1.445957556590652171e+00,-2.485183432619013713e-02,-7.172732065213667518e-02,9.154310549778469849e-03
1.345900000000000000e+04,-5.489883198709826218e-01,5.472582756944571969e+00,-1.997585749376489667e-02,9.107926841465880941e-01,-1.438039474781399818e+00,-2.438748005822365464e-02,-7.047381841250180412e-02,9.857074189181445206e-03
1.351000000000000000e+04,-5.039380941722484408e-01,5.401077349744081602e+00,-2.117080501732494097e-02,9.010045139746432064e-01,-1.430108144009810012e+00,-2.389895047120087559e-02,-6.915076179036143411e-02,1.055422842515178067e-02
1.356000000000000000e+04,-4.594065531964446336e-01,5.329969147130061202e+00,-2.234016113222164410e-02,8.906308195161539709e-01,-1.422164052280350921e+00,-2.338712229793406608e-02,-6.776056621069632968e-02,-5.900262832459143153e-03
1.361000000000000000e+04,-4.154223461683770324e-01,5.258952584220153881e+00,-2.348280546696106252e-02,8.796841405613654574e-01,-1.420331258198199054e+00,-2.285288669478837895e-02,-6.630585457823856554e-02,-6.646711174969713656e-03
1.366000000000000000e+04,-3.720134678742468282e-01,5.187997550328525165e+00,-2.459766719587759554e-02,8.681775658825545694e-01,-1.419100677832605184e+00,-2.229723457833068453e-02,-6.478895765078483693e-02,-1.633226165434095017e-03
1.371000000000000000e+04,-3.292072324264196936e-01,5.117176278079149654e+00,-2.568371473318712891e-02,8.561247089565745538e-01,-1.416425444987483351e+00,-2.172095074619068839e-02,-6.321231785000028247e-02,3.269985158726078714e-03
1.376100000000000000e+04,-2.870302479895556758e-01,5.046560224370164605e+00,-2.673996372638361152e-02,8.435396887373128871e-01,-1.412321074179770486e+00,-2.112497986392965557e-02,-6.157848129968988837e-02,1.377565300454008761e-02
1.381100000000000000e+04,-2.455083926639858305e-01,4.976322089553413264e+00,-2.776547567046125028e-02,8.304371065113848038e-01,-1.404762696334963534e+00,-2.051023888155277183e-02,-5.988995748051762630e-02,1.640359322648905424e-02
1.386100000000000000e+04,-2.046667914923432363e-01,4.906496813054459949e+00,-2.875935752189147723e-02,8.168320234328587670e-01,-1.396505529979116700e+00,-1.987763702860456672e-02,-5.814941255741263443e-02,1.706128806314501437e-02
1.391100000000000000e+04,-1.645297945799875095e-01,4.837084803118688825e+00,-2.972076590125091386e-02,8.027399382471318567e-01,-1.388240198715451124e+00,-1.922816758718873947e-02,-5.635947806896501877e-02,1.771289867920233102e-02
1.396100000000000000e+04,-1.251209564322124379e-01,4.768086443077251602e+00,-3.064890395652767469e-02,7.881767629555188615e-01,-1.379967200828700724e+00,-1.856276110553519917e-02,-5.452277405530558951e-02,1.835838048386390087e-02
1.401100000000000000e+04,-8.646301643137377368e-02,4.699502091304008644e+00,-3.154302251255865219e-02,7.731588000168203578e-01,-1.371687035464868032e+00,-1.788237112061948422e-02,-5.264193573583454688e-02,1.899768845838589043e-02
1.406100000000000000e+04,-4.857788048209243925e-02,4.631332081171052550e+00,-3.240241977657320332e-02,7.577027189856665457e-01,-1.363400202659093674e+00,-1.718794528029102958e-02,-5.071960779900756833e-02,1.963077735825288772e-02
1.411100000000000000e+04,-1.148660381733179747e-02,4.563576721003645531e+00,-3.322644161615100761e-02,7.418255332951456671e-01,-1.355107203348185241e+00,-1.648043679155612729e-02,-4.875844297593497773e-02,2.025760175031346075e-02
1.416100000000000000e+04,2.479062502782625188e-02,4.496236294034630987e+00,-3.401448151274107101e-02,7.255445769032315972e-01,-1.346808539380292880e+00,-1.576079793180121952e-02,-4.676109873753289681e-02,2.087811612235884393e-02
1.421100000000000000e+04,6.023449907592492991e-02,4.429311058358813114e+00,-3.476598059059926582e-02,7.088774809619884376e-01,-1.338504713516296851e+00,-1.502998155716385800e-02,-4.473023486091520784e-02,2.149227495931520932e-02
1.426100000000000000e+04,9.482660659955399751e-02,4.362801246887542561e+00,-3.548042754390196701e-02,6.918421504725947857e-01,-1.330196229425458565e+00,-1.428893906605400825e-02,-4.266851064659858001e-02,2.210003283303324517e-02
1.431100000000000000e+04,1.285494436483567426e-01,4.296707067303824346e+00,-3.615735854172240360e-02,6.744567409760827692e-01,-1.321883591674343883e+00,-1.353861995640872652e-02,-4.057858233244108354e-02,2.270134448464411828e-02
1.436100000000000000e+04,1.613864254128891673e-01,4.231028702018342358e+00,-3.679635707625895924e-02,6.567396352906387236e-01,-1.313567305709608002e+00,-1.277997069073113882e-02,-3.846310046483800843e-02,2.329616490872489162e-02
1.441100000000000000e+04,1.933218964290546182e-01,4.165766308126613637e+00,-3.739705377063787251e-02,6.387094203232718259e-01,-1.305247877834539105e+00,-1.201393388757833296e-02,-3.632470733718769218e-02,2.388444943504757292e-02
